Year,Type,Result,Title,Body,Category,Notes,Featured
2026,Industry Award,Finalist,Best Pipeline Rehabilitation Technology,Gulf Energy Information Excellence Awards (e2 Awards),High-Power Laser Descaler Technology for Surface Flowlines,Team/technology recognition; not an individual award.,yes
2026,Industry Award,Finalist,"Best Controls, Instrumentation & Automation Technology – Upstream",Gulf Energy Information Excellence Awards (e2 Awards),WATCH: Wellsite Asset Tracking for Control of Hazards,Team/technology recognition; not an individual award.,yes
2022,Corporate Award,Winner,CEO Excellence Award,Saudi Aramco,,,yes
2010,Academic Award,Winner,Academic Excellence Award,King Abdullah University of Science and Technology,,,yes
2009,Academic Award,Winner,Provost Award,King Abdullah University of Science and Technology,,,no
2008,Scholarship,Winner,Discovery Scholar,King Abdullah University of Science and Technology,,,no
2008,Scholarship,Winner,Research Scholarship,Caixa Catalunya – Institut de Ciències Fotòniques (ICFO),,,no
2008,Scholarship,Winner,PAPIIME Research Scholarship,UNAM,,,no
2007,Scholarship,Winner,REU Research Scholarship,University of Maryland,,,no
